formaalne keel;Mingisse t√§hestikku kuuluvatest s√ºmbolitest moodustatud s√µnade hulga osahulk. (n√§iteks: t√§hestikus $\Sigma$ k√µikide s√µnade hulk $\Sigma^*$)
s√µnade leksikograafiline j√§rjestus $<<$;$X_1¬ÖX_n << Y_1¬Ö Y_m$ parajasti siis, kui v√µrreldavates s√µnades esimese vastavatel kohtadel oleva teineteisest erineva t√§hepaari $(X_i, Y_i)$ korral $X_i < Y_i$, kus $<$ on t√§hestikus defineeritud j√§rjestus
keelte korrutis;"Kui $L_1$ ja $L_2$ on mingid keeled t√§hestikus $\Sigma$, siis defineerime nende korrutise:
$L_1L_2=$ $\{xy\vert x\in L_1, y\in L_2\}$, aga samuti $L^0=\{\epsilon\}$ ning $L^{i+1}=LL^i$, $i>0$.

s√µnade korrutis:
s√µna, mis on saadud antud s√µnade j√§rjest kirjutamisel"
keele Kleene'i kate;"Hulka $L^*=\bigcup\limits_{i=0}^{\infty}L^i$ nimetatakse keele $L$ Kleene'i katteks.

Olgu $\Sigma=\big\{0,1\big\}$ ning $L=\big\{1,10\big\}$, siis $L^*=$ $\big\{\epsilon,1,10,11,110,1010,\ldots\big\}$.

Lisa: $L^+ = \bigcup\limits_{i=1}^{\infty}L^i$"
binaarne seos hulgal;"Hulga $X^n$ mistahes OSAHULKA nim n-aarseks seoseks hulgal $X$. Juhul kui $n=2$, siis r√§√§gitakse binaarsest seosest.
Kui elemendid $x$ ja $y$ on seoses $R$, siis t√§histatakse kas $x\rho y$ v√µi $(x,y) \in \rho$

Binaarset seost $\rho$ hulgal $X$ nim:
1) refleksiivseks, kui $x\rho x$ iga $x \in X$ korral (kui iga element on iseendaga seoses)
2) s√ºmmeetriliseks, kui mistahes $x, y \in X$ korral $x\rho y$ parajasti siis, kui $y\rho x$ (kui el-d on vastastikku seoses)
3) transitiivseks, kui sellest, et $x\rho y$ ja $y\rho z$ j√§reldub, et ka $x\rho z$, kus $x, y, z \in X$

M√§rkus:
Xn √ºlaindeks"
binaarse seose R transitiivne kate;"Kui <code>P={transitiivsus}</code>, siis binaarse seose $R$ transitiivne kate $R^+$ on leitav j√§rgmise algoritmi abil:
1) $(a,b)\in R\Rightarrow(a,b)\in R^+$,
2) $(a,b)\in R^+,$ $(b,c)\in R\Rightarrow (a,c)\in R^+$,
3) $R^+$ sisaldab vaid aksioomide 1) ja 2) abil saadud elemente.

Seose $R$ transitiivse katte v√µib kirjutada ka kujul:
$R^+=\cup_i \underbrace{R\circ R\circ \ldots\circ R}_{i}$, kus $i>0$"
ekvivalentsiseos;nimetatakse seost, mis on refleksiivne, s√ºmmeetriline ja transitiivne
ekvivalentsiseose indeks;Mistahes ekvivalentsiseose $\rho$ <strong>ekvivalentsiklasside arvu</strong> nimetatakse selle seose $\rho$ indeksiks.
suunatud (mittesuunatud) graaf;"Graaf koosneb tippudest ja neid √ºhendatavatest servadest $G = (V,E)$, kus $V$ (tipud) on MITTET√úHI hulk ning $E$ (servad) hulk, mille elementideks on hulga $V$ KAHEELEMENDILISED alamhulgad

suunatud (orienteeritud) graaf:
¬ï k√µik servad on orienteeritud
¬ï $V$ elemendid on kujutatud punktidena ning $E$ elementide vastavaid punkte √ºhendavate nooltena

mittesuunatud (orienteerimata) graaf:
¬ï graaf, mille k√µik servad on orienteerimata (serva jaoks tippude j√§rjekord on ebaoluline)
¬ï kui binaarne seos $E$ on s√ºmmeetriline, siis noolte asemel jooned"
alamgraaf;Graafi $G=(V,E)$ alamgraafiks nimetatakse graafi $G'=(V',E')$, mis on saadud graafist $G=(V,E)$ teatava hulga tippude ja servade kustutamisel v√µi, kui $V'\subseteq V$ ja $E'\subseteq E\cap(V'\times V)$
sidus graaf;"1) Sidusas graafis saab IGAST tipust m√∂√∂da servi liikuda igasse TEISE tippu.
2) Mittesuunatud graaf, mida ei saa esitada KAHE ALAMGRAAFI L√ïIKUMATU √ºhendina."
puu;Sidus graaf, milles leidub TIPP (juur), millest viib TEE mistahes TEISE TIPPU ning mille vastav mittesuunatud graaf ei sisalda TS√úKLEID.
deterministlik l√µplik automaat;"Viisik $M=(Q,\Sigma,\delta,q_0,F)$, kus:
1) $Q\ -$ mingi l√µplik seisundite hulk
2) $\Sigma\ -$ mingi l√µplik sisendalfabeet
3) $\delta:Q\times\Sigma\rightarrow Q\ -$ √ºleminekufunktsioon
4) $q_0\in Q\ -$ algseisund
5) $F\subseteq Q\ -$ l√µpuseisundite hulk"
regulaarne keel;keel, mida aktsepteeritakse mingi l√µpliku automaadi poolt
mittedeterministlik l√µplik automaat;"Viisik $M=(Q,\Sigma,\delta,q_0,F)$, kus:
1) $Q\ -$ mingi l√µplik seisundite hulk
2) $\Sigma\ -$ mingi l√µplik sisendalfabeet
3) $\delta:Q\times\Sigma\rightarrow 2^Q\ -$ √ºleminekufunktsioon $-$ mingi osaline mitmene funktsioon
4) $q_0\in Q\ -$ algseisund
5) $F\subseteq Q\ -$ l√µpuseisundite hulk

√úleminekuseisund ei pruugi olla √ºheselt m√§√§ratud:
1. automaat v√µib √ºle minna erinevatesse seisunditesse
2. automaat v√µib blokeeruda, kui ei l√§he mitte mingisse seisundisse"
?-√ºleminekutega l√µplik automaat;"Automaat $(Q,\Sigma,\delta,q_0,F)$ v√µib uude seisundisse √ºle minna <strong>automaatselt</strong>, ilma sisends√ºmbolit saamata.
1) $Q\ -$ mingi l√µplik seisundite hulk
2) $\Sigma\ -$ mingi l√µplik sisendalfabeet
3) $\delta: Q √ó (\Sigma \cup \big\{\epsilon\big\}) \rightarrow 2^Q\ -$ √ºleminekufunktsioon, mis k√§sitleb sisends√ºmbolina ka T√úHJA S√ïNA
4) $q_0 \in Q\ -$ algseisund
5) $F\subseteq Q\ -$ l√µpuseisundite hulk"
Mealy automaat;"Mealy automaadi korral s√µltub igal sammul v√§ljastatav v√§ljunds√ºmbol nii automaadi SEISUNDIST kui ka SISENDS√úMBOLIST.
Kuuik $M = (Q, \Sigma, \Delta, \delta, \lambda, q_0)$, kus:
1) $Q\ -$ mingi l√µplik seisundite hulk
2) $\Sigma\ -$ mingi l√µplik sisendalfabeet
3) $\Delta\ -$ V√ÑLJUNDALFABEET
4) $\delta: Q \times \Sigma \rightarrow Q$  √ºleminekufunktsioon
5) $\lambda: Q \times \Sigma \rightarrow \Delta$ V√ÑLJUNDFUNKTSIOON
6) $q_0 \in Q\ -$ algseisund

Lisa:
Sisends√µna $w=a_1\ldots a_n$ rakendamisel saame v√§ljunds√µna
$\lambda(q_0,a_1)\ldots\lambda(q_{n-1},a_n)$, kus:
$q_{i+1}=q_i\cdot a_{i+1},$ $i=0,\ldots,n-1$."
Moore'i automaat;"Moore'i automaadi korral s√µltub igal sammul v√§ljastatav v√§ljunds√ºmbol ainult automaadi SEISUNDIST.
Kuuik $M = (Q, \Sigma, \Delta, \delta, \lambda, q_0)$, kus:
1) $Q\ -$ mingi l√µplik seisundite hulk
2) $\Sigma\ -$ mingi l√µplik sisendalfabeet
3) $\Delta\ -$ V√ÑLJUNDALFABEET
4) $\delta: Q \times \Sigma \rightarrow Q\ -$  √ºleminekufunktsioon
5) $\lambda: Q \rightarrow \Delta\ -$ V√ÑLJUNDFUNKTSIOON $\lambda$ v√§√§rtus s√µltub vaid automaadi seisundist
6) $q_0 \in Q\ -$ algseisund

Lisa:
Sisends√µna $w=a_1\ldots a_n$ rakendamisel saame Moore'i automaadis v√§ljunds√µnaks
$\lambda(q_0)\ldots\lambda(q_n)$, kusjuures:
$q_{i-1}\cdot a_i=q_i,\ i=1,\ldots,n$."
regulaarne avaldis;"Regulaarsed avaldised √ºle t√§hestiku $\Sigma$ defineeritakse rekursiivselt:
1) ?, $\epsilon$ ja iga $a \in \Sigma$ on regulaarsed avaldised,
2) Kui $r$ ja $s$ on regulaarsed avaldised, siis ka $r+s$, $r¬∑s$ ja $r^*$ on regulaarsed avaldised."
√ºldistatud mittedetereministlik automaat;"Viisik $(Q, \Sigma, \delta, q_0, q_l)$, kus:
1) $Q\ -$ mingi l√µplik seisundite hulk
2) $\Sigma\ -$ mingi l√µplik sisendalfabeet
3) $\delta\ -$ √ºleminekufuntksioon, kus $R$ on regulaarsete avaldiste hulk alfabeedis $\Sigma$
$\delta:$ $(Q ?\big\{q_l\big\})$ $\times$ $(Q?\big\{q_0\big\})$ $\rightarrow R$
4) $q_0 \in Q\ -$ algseisund
5) $q_l \in Q\ -$ <strong>l√µpuseisund</strong>"
kontekstivaba grammatika;"Nelik $G = (V,T,P,S)$, kus:
1) $V\ -$ muutujate l√µplik hulk
2) $T\ -$ terminalide l√µplik hulk
3) $P\ -$ tuletusreeglite (produktsioonide) l√µplik hulk
4) $S \in V\ -$ stardis√ºmbol
$\forall$ tuletusreegel on kujul $A \rightarrow \alpha$, kus $A$ on mingi hulka $V$ kuuluv muutuja ning $\alpha \in (V \cup T)^*$"
kontekstivaba keel;"Keelt $L(G)=$ $\big\{w|w\in T^*,S\Longrightarrow w\big\}$ nimetatakse grammatika G poolt genereeritud kontekstivabaks keeleks.

M√§rkus:
$w\ -$ s√µna, mis koosneb terminalidest
$S \Longrightarrow w\ -$ tuletuste jada

Lisa:
Tuletusreeglid on kujul $X \rightarrow \alpha$, kus $\alpha \in (V \cup T)^*$"
kontekstivabade grammatikate ekvivalents;"Kontekstivabad grammatikad $G_1$ ja $G_2$ on ekvivalentsed (t√§histus $G_1 \equiv G_2$), kui $L(G_1)=L(G_2)$

$L(G)$ on grammatika $G$ poolt genereeritud kontekstivaba keel."
grammatika mitteoluline s√ºmbol;"S√ºmbolit nim oluliseks, kui leidub tuletuste jada $S \Longrightarrow aXb \Longrightarrow w$, kus $w ? T^*$ (s√µna koosneb terminalidest).
Vastasel juhul nim s√ºmbolit $X$ mitteoluliseks."
?-tuletusreegel;"tuletusreegel kujul $A \rightarrow \epsilon$

M√§rkus:
$A$ - muutuja
$\epsilon$ - t√ºhi s√µna"
nullitav muutuja;"Kui $A\Longrightarrow\epsilon$, siis nim. muutujat $A$ nullitavaks

M√§rkus:
$\epsilon$ - t√ºhis√µna"
paremlineaarne grammatika;"K√µik tuletusreeglid on kujul $A \rightarrow wB$ ja $A \rightarrow w$, kus w on mingi vaid terminalidest koosnev s√µna (v√µib olla ka t√ºhi s√µna) ehk $w \in T^*$. Vasaklineaarse puhul on vastupidi $A \rightarrow Bw$.

M√§rkus:
$A,B \in V$"
regulaarne grammatika;"Nimetatakse vasak- v√µi paremlineaarset grammatikat.

K√µik tuletusreeglid on kujul $A \rightarrow wB$ ja $A \rightarrow w$, kus w on mingi vaid terminalidest koosnev s√µna (v√µib olla ka t√ºhi s√µna) ehk $w \in T^*$. Vasaklineaarse puhul on vastupidi $A \rightarrow Bw$.

M√§rkus:
$A,B \in V$"
Chomsky normaalkujuline kontekstivaba grammatika;"Mistahes t√ºhja s√µna mittesisaldav kontekstivaba keel on genereeritav grammatika $G = (V,T,P,S)$ poolt, mille k√µik tuletusreeglid on kujul:
$A ? BC$ v√µi $A ? a$, kus:
$a \in T$
$A,B,C \in V$"
Greibachi normaalkujuline kontekstivaba grammatika;"Mistahes t√ºhja s√µna mitte sisaldav kontekstivaba keel genereeritakse mingi grammatika poolt, milles k√µik tuletusreeglid on kujul:
$A \rightarrow a \alpha$, kus:
$\alpha$ on mingi muutujate jada (v√µib-olla t√ºhi)
$a \in T$"
magasiniga automaat;"Seitsmik $M=$ $(Q, \Sigma, \Gamma, \delta, q_0, Z_0, F)$, milles
1) $Q\ -$ l√µplik seisundite hulk
2) $\Sigma\ -$ l√µplik sisends√ºmbolite hulk
3) $\Gamma\ -$ l√µplik magasinis√ºmbolite hulk
4) $\delta\ -$ √ºleminekufunktsioon on kujutus hulgast l√µplike osahulkade hulka
$\delta:$ $Q \times \big(?? \big\{\epsilon \big\}\big)\times \Gamma$ $\rightarrow Q \times \Gamma^*$
5) $q_0 \in Q\ -$ algseisund
6) $Z_0 \in \Gamma\ -$ magasini alguss√ºmbol
7) $F\subseteq Q\ -$ l√µpuseisundite hulk

Magasiniga automaadi t√∂√∂d kirjeldab kolmik $(q,w,\alpha)$, kus:
1) $q\ -$ automaadi momendi seisund
2) $w\ -$ sisends√ºmbolite jada
3) $\alpha\ -$ magasinis olevate s√ºmbolite jada"
magasiniga automaadi L√ïPUSEISUNDITE l√§bi aktsepteeritav keel;"$L(M) = \big\{w|(q_0, w, Z_0) \vdash$ $(p,\epsilon,\alpha), p \in F, ? \in \Gamma^*\big\}$ nimetatakse magasiniga automaadi $M$ l√µpuseisundite l√§bi aktsepteeritavaks keeleks

$q_0 \in Q\ -$ algseisund
$w\ -$ sisends√ºmbolite jada
$\Gamma\ -$ l√µplik magasinis√ºmbolite hulk
$Z_0 \in \Gamma\ -$ magasini alguss√ºmbol
$\epsilon\ -$ t√ºhi s√µna
$\alpha\ -$ magasinis olevate s√ºmbolite jada
$Q\ -$ l√µplik seisundite hulk
$F\subseteq Q\ -$ l√µpuseisundite hulk"
magasiniga automaadi T√úHJA MAGASINI l√§bi aktsepteeritav keel;"Hulka $N(M)=$ $\big\{w|(q_0, w, Z_0) \vdash$ $ (p,\epsilon,\epsilon),$ $p \in Q\big\}$ nimetatakse magasiniga automaadi $M$ poolt t√ºhja magasini l√§bi aktsepteeritavaks keeleks. Kuna viimasel juhul l√µpuseisundid t√§htsust ei oma, siis v√µetakse selleks t√ºhi hulk (?).

$q_0 \in Q\ -$ algseisund
$w\ -$ sisends√ºmbolite jada
$\Gamma\ -$ l√µplik magasinis√ºmbolite hulk
$Z_0 \in \Gamma\ -$ magasini alguss√ºmbol
$\epsilon\ -$ t√ºhi s√µna
$\alpha\ -$ magasinis olevate s√ºmbolite jada
$Q\ -$ l√µplik seisundite hulk
$F \subseteq Q\ -$ l√µpuseisundite hulk"
Turingi masin;"Seitsmik $M=$ $(Q,\Gamma,\Sigma,\delta,q_0,B,F)$, kus
1) $Q\ -$ l√µplik seisundite hulk
2) $\Gamma\ -$ l√µplik LINDIs√ºmbolite hulk (eeldame, et $Q\cap\Gamma=$ ?)
3) $\Sigma ? \Gamma\ -$ l√µplik sisends√ºmbolite hulk
4) $\delta:Q\times\Gamma\to Q\times\Gamma\times\{L,R\}\ -$ √ºleminekufunktsioon,
5) $q_0 \in Q\ -$ algseisund
6) $B \in \Gamma?\Sigma\ -$ t√ºhja lahtri s√ºmbol (blank)
7) $F ? Q\ -$ l√µpuseisundite hulk

M√§rkus:
$L, R\ -$ seisund liigub vasakule v√µi paremale"
turingi masina $M$ poolt aktsepteeritav (rekursiivselt loenduv) keel;"Nimetatakse hulka $L(M)=$ $\big\{w|w\in\Sigma^*, q_0w \vdash$ $\alpha_1p\alpha_2, p \in F,$ $?_1, ?_2 \in \Gamma^*\big\}$
Keeli, mis aktsepteeritakse Turingi masinate poolt, nimetatakse rekursiivselt loenduvateks.
Tuletusreeglid on kujul $\alpha \to \beta$, kus $\alpha \neq \epsilon$"
piiranguteta (e. 0-t√º√ºpi) grammatika;"Grammatika $G=(V,T,P,S)$, mille tuletusreeglid on kujul: $\alpha \to \beta$, kus $\alpha \in\ (V\ \cup\ T)^*V(V\ \cup\ T)^*$, $\alpha \neq \epsilon$:

1) $V\ -$ muutujate l√µplik hulk
2) $T\ -$ terminalide l√µplik hulk
3) $P\ -$ tuletusreeglite l√µplik hulk
4) $S \in V\ -$ stardis√ºmbol

M√§rkus:
$\alpha\ -$ mingi muutujate jada"
lineaarselt t√µkestatud automaat;"Mittedeterministlik Turingi masin on lineaarselt t√µkestatud automaat, kui:
1) Sisends√ºmbolite hulk sisaldab kaks eris√ºmbolit $\triangleright$ ja $\triangleleft$, markeerimaks lindil oleva s√µna vasakut ja paremat √§√§rt.
2) Masina pea ei liigu s√ºmbolitega  $\triangleright$ ja $\triangleleft$ m√§√§ratud piiridest v√§ljapoole ega kirjuta neid s√ºmboleid ka √ºle."
kontekstitundlik grammatika;"Grammatikat $G=(V,T,P,S)$ on kontekstitundlik, kui:
1) tuletusreeglid on kujul $\alpha \rightarrow \beta,$
2) kus $1 \leq |\alpha| ? |\beta|$,
3) s√µna $\alpha$ sisaldab v√§hemat √ºhte muutujat.
Kontekstitundliku grammatika poolt <strong>genereeritud</strong> keelt nimetatakse kontekstitundlikuks keeleks."
turingi masina ajaline keerukus;"¬ï Olgu $M$ mingi DETERMINISTLIK Turingi masin. Funktsiooni $t: \mathbb{N} \to \mathbb{N}$ nimetatakse Turingi masina $M$ ajaliseks keerukuseks, kui $M$ teeb mistahes n-t√§helise sisends√µna korral enne peatumist √úLIMALT $t(n)$ √úLEMINEKUT.
¬ï MITTEdeterministliku Turingi masina korral loetakse tema ajaliseks keerukuseks pikima sammude arvuga haru pikkusega m√§√§ratud funktsiooni."
keelte klassi ajalise keerukusega $t(n)$;"Olgu $t: \mathbb{N} \to \mathbb{N}$ mingi funktsioon, siis hulk:
$TIME(t(n))$=$\big\{\ L$ $|\ L$ $on$ $keel,$ $mille$ $aktsepteerib$ $mingi$ $\big(deterministlik\big)$ $Turingi$ $masin$ $ajalise$ $keerukusega$ $O(t(n))$ $\big\}$."
keelte klass P;"(pol√ºnomiaalse keerukusega)
¬ï Praktikas osutuvad keeled k√µikidest klassidest $TIME(n^k)$, suhteliselt m√µistliku ajaga aktsepteeritavateks.
¬ï T√§histus: $${\cal P}=\bigcup\limits_{k\geq 1}TIME(n^k).$$
¬ï Sellesse klassi kuuluvad k√µik keeled, mida aktsepteerivad √úHElindilised deterministlikud Turingi masinad POL√úNOMIAALSE ajaga."
funktsiooni √ºlemine t√µke;"Olgu $f,\ g:\ \mathbb{N}$ $\to$ $\mathbb{R}^*$ kaks funktsiooni.
√útleme, et funktsioon g on funktsiooni f √ºlemine t√µke, ja m√§rgime:
<code>f(n) = O(g(n))</code>, kui leiduvad konstandid c ja N, nii et <code>f(n) ? cg(n)</code> $\forall\ n\ \geq N$ korral.

M√§rkus:
Suure O-ga t√§histatakse keerukust."
Formaalne keel;Formaalne keel $L$ aktsepteeritakse mingi l√µpliku mittedeterministliku automaadi poolt parajasti siis kui ta aktsepteeritakse mingi l√µpliku deterministliku automaadi poolt.
S√µnastada teoreem regulaarsete avaldiste ja mittedeterministlike automaatide vastavusest;Kui $r$ on mingi regulaarne avaldis, siis leidub keelt $L(r)$ aktsepteeriv $\epsilon$-√ºleminekutega mittedeterministlik l√µplik automaat.
S√µnastada teoreem regulaarsete avaldiste ja deterministlike automaatide vastavusest;"K√ºsimus:
Mistahes deterministliku l√µpliku automaadi poolt aktsepteeritav keel avaldub mingi regulaarse avaldise kaudu.

Vastus:
Kui keel $L$ aktsepteeritakse mingi deterministliku l√µpliku automaadi poolt, siis avaldub $L$ mingi regulaarse avaldise kaudu."
Pumping-lemma regulaarsete keelte jaoks;"$\forall$ regulaarse keele $L$ korral $\exists$ konstant $n$, nii et iga s√µna $z \in L, |z|\geq n$, on esitatav kujul $z=uvw$, kus:
1) $|v| \geq 1$
2) $|uv| \leq n$
3) $uv^iw \in L$, $\forall$ $i\geq 0$ korral."
Regulaarne keel;"K√ºsimus:
Iga regulaarne keel genereeritakse mingi regulaarse grammatika
poolt (vaid piisavus).

Vastus:
Keel $L$ genereeritakse mingi regulaarse grammatika poolt parajasti siis, kui $L$ on regulaarne keel."
Iga mittet√ºhi kontekstivaba keel (KVK)...;"K√ºsimus:
Iga mittet√ºhi kontekstivaba keel (KVK) genereeritakse mingi vaid olulisi s√ºmboleid sisaldava grammatika poolt.

Vastus:
$\forall$ mittet√ºhi kontekstivaba keel genereeritakse mingi vaid OLULISI s√ºmboleid sisaldava kontekstivaba keel grammatika poolt."
Iga t√ºhja s√µna mittesisaldav KVK...;"K√ºsimus:
Iga t√ºhja s√µna mittesisaldav KVK genereeritakse mingi ?-tuletusreegleid mittesisaldava kontekstivaba grammatika poolt.

Vastus:
$\forall$ t√ºhja s√µna mittesisaldav kontekstivaba keel defineeritakse mingi vaid olulisi s√ºmboleid sisaldava ilma asendus- ja $\epsilon$-tuletusteta kontekstivaba grammatika poolt."
Iga t√ºhja s√µna mittesisaldav KVK genereeritakse mingi Chomsky normaalkujulise grammatika poolt;"Mistahes t√ºhja s√µna mittesisaldav KVK on genereeritav grammatika $G=(V,T,P,S)$ poolt, mille k√µik tuletusreeglid on kujul $A \rightarrow BC$ v√µi $A \rightarrow a$, kus:
$a \in T$
$A,B,C \in V$"
Pumping-lemma kontekstivabade keelte jaoks;"Olgu $L$ mingi kontekstivaba keel. Siis $\exists$ konstant $n$ nii, et $\forall$ s√µna $z \in L$, $|z|\geq n$, on kirjutatav kujul $z=uvwxy$, kus:
1) $|vx| \geq 1$
2) $|vwx| \leq n$
3) $uv^iwx^iy \in L$, iga $i \geq 0$ korral"
Magasiniga automaadi poolt l√µpuseisundite l√§bi ja t√ºhja magasini l√§bi aktsepteeritavad keelte klassid √ºhtivad;"Mistahes keele $L$ korral $L = L(M_1)$, kus $M_1$ on mingi magasiniga automaat, parajasti siis, kui $L = N(M_2)$ mingi magasiniga automaadi $M_2$ korral.

Hulka $L(M)=$ $\big\{w|(q_0, w, Z_0) \vdash$ $(p,\epsilon,\alpha), p \in F,$ $? \in \Gamma^*\big\}$ nimetatakse magasiniga automaadi $M$ l√µpuseisundite l√§bi aktsepteeritavaks keeleks

Hulka $N(M)=$ $\big\{w|(q_0, w, Z_0) \vdash$ $(p,\epsilon,\epsilon), p \in Q\big\}$ nimetatakse magasiniga automaadi $M$ poolt t√ºhja magasini l√§bi aktsepteeritavaks keeleks. Kuna viimasel juhul l√µpuseisundid t√§htsust ei oma, siis v√µetakse selleks t√ºhi hulk (?).

M√§rkus:
$q_0 \in Q\ -$ algseisund
$w \ -$ sisends√ºmbolite jada
$\Gamma\ -$ l√µplik magasinis√ºmbolite hulk
$Z_0 \in \Gamma\ -$ magasini alguss√ºmbol
$\epsilon\ -$ t√ºhi s√µna
$\alpha\ -$ magasinis olevate s√ºmbolite jada
$Q\ -$ l√µplik seisundite hulk
$F \subseteq Q\ -$ l√µpuseisundite hulk"
Mitmelindiliste ja √ºhelindiliste Turingi masinate poolt aktsepteeritavate keeleklasside √ºhtivusest;Kui keel $L$ aktsepteeritakse mingi mitmelindilise Turingi masina poolt, siis aktsepteeritakse ta ka mingi √ºhelindilise Turingi masina poolt.
Determinstlike ja mittedeterministlike Turingi masinate poolt aktsepteeritavate keeleklasside √ºhtivusest.;Kui keel $L$ aktsepteeritakse mingi mittedeterministliku Turingi masina $M$ poolt, siis aktsepteeritakse ta ka mingi deterministliku Turingi masina $M'$ poolt.
Rekursiivselt loenduva keele ja piiranguteta grammatika seos;Keel $L$ on rekursiivselt loenduv parajasti siis, kui $L=L(G)$ mingi piiranguteta grammatika $G=(V,T,P,S)$ korral.
